Structure,Score
CCCCCCCCCCCCCCCCCCNC(=O)C(CCCCCOC(=O)CCCCCCCCC)NC1CCNCC1,4
CCCCCCCCCCCCCCCCNC(=O)C(CCCCCOC(=O)CCC(C)CCCCC)NCCN1CCCCC1,8
CCCCCCCCCCCCCCCCCCNC(=O)C(CCCCCOC(=O)CCCCCCCC)NCCCN1CCCC1,6
CCCCCCCCCCCCCCNC(=O)C(CCCCCOC(=O)CCCCCCCCC=C)NCCCN(CCCC)CCCC,6
CCCCCCCC\C=C/CCCCCCCCNC(=O)C(CCCCCOC(=O)CCCCCCC\C=C/CCCCCCCC)NCCN(C)C,8
CCCCCCCCCCCCCCCCCCNC(=O)C(CCCCCOC(=O)\C=C\CCCCCCC)NCCN1CCNCC1,3
CCCCCCCCCCCCCCNC(=O)C(CCCCCOC(=O)CCCCCCC\C=C/C\C=C/CCCCC)NCCCN(C)C,4
CCCCCCCCCCCCCCNC(=O)C(CCCCCOC(=O)CCCCCCCCC)NCCCN(C)CCCN,3
CCCCCCCC\C=C/CCCCCCCCNC(=O)C(CCCCCOC(=O)\C=C\CCCCCCC)NCCCN1CCOCC1,6
CCCCCCCCCCCCCCNC(=O)C(CCCCCOC(=O)\C=C\CCCCCCC)NCCN1CCCCC1,6
CCCCCCCCCCCCCCCCCCNC(=O)C(CCCCCOC(=O)\C=C\CCCCCCC)NC1=CNN=C1,5
CCCCCCCCCCCCCCCCCCNC(=O)C(CCCCCOC(=O)CCCCCCCCCCCCCCC)NCCN(C)C,4
CCCCCCCC\C=C/CCCCCCCCNC(=O)C(CCCCCOC(=O)CCC(C)CCCCC)NCCN(C)C,6
CCCCCCCCCCCCCCCCCC(=O)OCCCCCC(NCCN1CCCCC1)C(=O)NCCCCCCCCCCCC,6
CCCCCCCCCCCCNC(=O)C(CCCCCOC(=O)CCCCCCCCCC)NCCN(CCN)CCN,5
CCCCCCCCCC(=O)OCCCCCC(NCCCN(CC)CC)C(=O)NCCCCCCCC\C=C/CCCCCCCC,6
CCCCCCCCCCCCCCCCCCNC(=O)C(CCCCCOC(=O)CCCCCCCCC=C)NC1=CC(C)=NN1C,4
CCCCCCCCCCCCCCCCCCNC(=O)C(CCCCCOC(=O)CCCCCCCCCCCCCCCCC)NN1CCCCC1,5
CCCCCCCC\C=C/CCCCCCCCNC(=O)C(CCCCCOC(=O)CCCCCCC\C=C/CCCCCCCC)NC1=CNN=C1,7
CCCCCCCCCCCCNC(=O)C(CCCCCOC(=O)\C=C\CCCCCCC)NCCCN(CCCC)CCCC,3
CCCCCCCCCCCCCCCC(=O)OCCCCCC(NCCCN1CCOCC1)C(=O)NCCCCCCCCCCCCCC,6
CCCCCCCCCCCCCCCCCC(=O)OCCCCCC(NN1CCOCC1)C(=O)NCCCCCCCCCCCC,6
CCCCCCCCCCCCCCNC(=O)C(CCCCCOC(=O)\C=C\CCCCCCC)NC1CCN(C)CC1,5
CCCCCCCCCCCCCCCCCCNC(=O)C(CCCCCOC(=O)CCCCCCCCCCCCCCC)NCCCN(C)C,6
CCCCCCCC\C=C/CCCCCCCCNC(=O)C(CCCCCOC(=O)CCC(C)CCCCC)NCCCN1CCCC1,8
CCCCCCCCCCCCCCCCCCNC(=O)C(CCCCCOC(=O)CCC(C)CCCCC)NCCN(CCN)CCN,3
CCCCCCCCCCCCCCNC(=O)C(CCCCCOC(=O)CCCCCCCC)NC1CCN(C)CC1,5
CCCCCCCCCCCCCCCCNC(=O)C(CCCCCOC(=O)CCCCCCCCC#C)NCCN1CCCC1,6
CCCCCCCC\C=C/CCCCCCCCNC(=O)C(CCCCCOC(=O)CCCCCCC\C=C/CCCCCCCC)NCCCN(C)C,3
CCCCCCCC\C=C/CCCCCCCCNC(=O)C(CCCCCOC(=O)CCCCCCC\C=C/CCCCCCCC)NCCN1CCCC1,3
CCCCCCCCCCCCCCCCNC(=O)C(CCCCCOC(=O)CCCCCCCCC#C)NCCCN1CCOCC1,4
CCCCCCCC\C=C/CCCCCCCCNC(=O)C(CCCCCOC(=O)CCCCCCCC)NCCN1CCCCC1,6
CCCCCCCCCCCCCCCCNC(=O)C(CCCCCOC(=O)CCCCCCCCCCCCCCC)NC1CCN(C)CC1,5
CCCCCCCCCCCCNC(=O)C(CCCCCOC(=O)CCCCCCCCC=C)NN1CCCCC1,5
CCCCCCCCCCCCNC(=O)C(CCCCCOC(=O)CCCCCCCCC)NCCCN1CCOCC1,5
CCCCCCCCCCCCCCCC(=O)OCCCCCC(NCCN1CCCC1)C(=O)NCCCCCCCC\C=C/CCCCCCCC,7
CCCCCCCCCCCCNC(=O)C(CCCCCOC(=O)CCCCCCCCC=C)NCCCN(CCCC)CCCC,4
CCCCCCCCCCCCNC(=O)C(CCCCCOC(=O)CCCCCCC\C=C/CCCCCCCC)NCCCN1CCCC1,7
CCCCCCCCCCCCCCCCCC(=O)OCCCCCC(NCCCN(C)C)C(=O)NCCCCCCCCCCCCCC,6
CCCCCCCC\C=C/CCCCCCCCNC(=O)C(CCCCCOC(=O)\C=C\CCCCCCC)NN1CCOCC1,6
CCCCCCCCCCCCCCCCCCNC(=O)C(CCCCCOC(=O)CCCCCCCCCCCCCCCCC)NCC1CCCN1CC,4
CCCCCCCCCCCCCCCCCCNC(=O)C(CCCCCOC(=O)CCCCCCC\C=C/C\C=C/CCCCC)NCCCN1CCCC1,4
CCCCCCCCCCCCCCCCNC(=O)C(CCCCCOC(=O)\C=C\CCCCCCC)NCCN1CCNCC1,2
CCCCCCCC\C=C/CCCCCCCCNC(=O)C(CCCCCOC(=O)CCCCCCCCC=C)NCCCN(C)C,6
CCCCCCCCCC(=O)OCCCCCC(NCCN(C(C)C)C(C)C)C(=O)NCCCCCCCC\C=C/CCCCCCCC,6
CCCCCCCCCCCCCCCCCCNC(=O)C(CCCCCOC(=O)CCCCCCCCC#C)NCCCN(C)C,5
CCCCCCCC\C=C/CCCCCCCCNC(=O)C(CCCCCOC(=O)CCCCCCCCC#C)NCCCN(C)C,6
CCCCCCCCCCCCCCNC(=O)C(CCCCCOC(=O)CCCCCCC\C=C/C\C=C/CCCCC)NCCN(C)C,5
CCCCCCCCCCCCCCCCCCNC(=O)C(CCCCCOC(=O)CCCCCCCCC=C)NCCN(C)C,5
CCCCCCCCCCCCNC(=O)C(CCCCCOC(=O)\C=C\CCCCCCC)NCCN(CCN)CCN,5
CCCCCCCCCCCCCCNC(=O)C(CCCCCOC(=O)CCCCCCCC)NN1CCCCC1,6
CCCCCCCC\C=C/CCCCCCCCNC(=O)C(CCCCCOC(=O)CCCCCCCCC=C)NCCN1CCNCC1,3
CCCCCCCCCCCCNC(=O)C(CCCCCOC(=O)CCCCCCCCC=C)NCCCN1CCOCC1,3
CCCCCCCCCCCCCCCCCCNC(=O)C(CCCCCOC(=O)CCCCCCCCC=C)NCCCN(CC)CC,6
CCCCCCCCCCCCCCCCNC(=O)C(CCCCCOC(=O)CCCCCCC\C=C/C\C=C/CCCCC)NCCN1CCNCC1,4
CCCCCCCCCCCCCCCCNC(=O)C(CCCCCOC(=O)CCCCCCCCCCCCCCC)NCCCN(C)C,4
CCCCCCCCCCCCCCCCNC(=O)C(CCCCCOC(=O)\C=C\CCCCCCC)NCCCN(C)CCCN,3
CCCCCCCCCCCCCCCCNC(=O)C(CCCCCOC(=O)CCCCCCCCCCCCCCC)NC1CCNCC1,3
CCCCCCCCCCCCCCCCCCNC(=O)C(CCCCCOC(=O)CCCCCCCC)NCCCN(C)CCCN,2
CCCCCCCCCCCCCCNC(=O)C(CCCCCOC(=O)CCCCCCCC)NCCCN1CCOCC1,6
CCCCCCCCCCCCCCCCCC(=O)OCCCCCC(NCCCN(C)C)C(=O)NCCCCCCCCCCCC,6
CCCCCCCCCCCCCCCCNC(=O)C(CCCCCOC(=O)CCCCCCC\C=C/C\C=C/CCCCC)NCCCN(CC)CC,6
CCCCCCCCCCCCCCCCNC(=O)C(CCCCCOC(=O)CCCCCCCCC#C)NCCN(CC)CC,3
CCCCCCCCCCCCCCCCNC(=O)C(CCCCCOC(=O)CCCCCCCCC)NCCCN1CCCC1,4
CCCCCCCCCCC(=O)OCCCCCC(NCCCN(CC)CC)C(=O)NCCCCCCCC\C=C/CCCCCCCC,8
CCCCCCCCCCCCCCCCNC(=O)C(CCCCCOC(=O)CCCCCCC\C=C/CCCCCCCC)NCCCN(C)CCCN,2
CCCCCCCC\C=C/CCCCCCCCNC(=O)C(CCCCCOC(=O)\C=C\CCCCCCC)NCCN(C)C,6
CCCCCCCCCCCCCCNC(=O)C(CCCCCOC(=O)CCCCCCCCC#C)NCCCN(CCCC)CCCC,6
CCCCCCCCCCCCCCCCCC(=O)OCCCCCC(NCCN1CCCC1)C(=O)NCCCCCCCCCCCC,7
CCCCCCCCCCCCNC(=O)C(CCCCCOC(=O)CCCCCCC\C=C/CCCCCCCC)NC1=CC(C)=NN1C,4
CCCCCCCCCCCCNC(=O)C(CCCCCOC(=O)CCCCCCCC)NCCCN(CCCC)CCCC,4
CCCCCCCCCCCCCCNC(=O)C(CCCCCOC(=O)\C=C\CCCCCCC)NCCCN(CC)CC,4
CCCCCCCC\C=C/CCCCCCCCNC(=O)C(CCCCCOC(=O)\C=C\CCCCCCC)NC1CCNCC1,4
CCCCCCCC\C=C/CCCCCCCCNC(=O)C(CCCCCOC(=O)CCCCCCCCC#C)NCCN(C)C,6
CCCCCCCCCCCCCCNC(=O)C(CCCCCOC(=O)CCCCCCCCC#C)NCCCN1CCCC1,4
CCCCCCCCCCCCNC(=O)C(CCCCCOC(=O)CCCCCCC\C=C/CCCCCCCC)NCCCN(CCCC)CCCC,3
CCCCCCCCCCCCNC(=O)C(CCCCCOC(=O)\C=C\CCCCCCC)NCCN(CC)CC,4
CCCCCCCCCCCCCCCC(=O)OCCCCCC(NCCN(C)C)C(=O)NCCCCCCCC\C=C/CCCCCCCC,6
CCCCCCCCCCCCCCCCCCNC(=O)C(CCCCCOC(=O)CCCCCCCCC#C)NCCN(C(C)C)C(C)C,5
CCCCCCCCCCCCNC(=O)C(CCCCCOC(=O)CCCCCCC\C=C/CCCCCCCC)NCCN1CCCCC1,5
CCCCCCCCCCCCCCNC(=O)C(CCCCCOC(=O)CCCCCCC\C=C/C\C=C/CCCCC)NC1CCNCC1,3
CCCCCCCCCCCCCCCCCCNC(=O)C(CCCCCOC(=O)CCCCCCCCC)NCCN(CC)CC,6
CCCCCCCCCCCCNC(=O)C(CCCCCOC(=O)\C=C\CCCCCCC)NCCN1CCCCC1,6
CCCCCCCC\C=C/CCCCCCCCNC(=O)C(CCCCCOC(=O)CCCCCCCC)NCCCN1CCCC1,6
CCCCCCCCCCCCCCCC(=O)OCCCCCC(NCCN1CCCC1)C(=O)NCCCCCCCCCCCC,4
CCCCCCCC\C=C/CCCCCCCCNC(=O)C(CCCCCOC(=O)CCCCCCC\C=C/CCCCCCCC)NCCCN(C)CCCN,2
CCCCCCCC\C=C/CCCCCCCCNC(=O)C(CCCCCOC(=O)\C=C\CCCCCCC)NCC1CCCN1CC,3
CCCCCCCC\C=C/CCCCCCCCNC(=O)C(CCCCCOC(=O)CCCCCCCCC#C)NCCCN(CC)CC,5
CCCCCCCCCCCCNC(=O)C(CCCCCOC(=O)CCCCCCCCC)NCC1CCCN1CC,3
CCCCCCCCCCCCCCNC(=O)C(CCCCCOC(=O)\C=C\CCCCCCC)NN1CCOCC1,6
CCCCCCCCCCCCCCCCCC(=O)OCCCCCC(NC1=CC(C)=NN1C)C(=O)NCCCCCCCCCCCCCCCC,7
CCCCCCCCCCCCCCCCCCNC(=O)C(CCCCCOC(=O)CCCCCCCC)NCCCN(CCCC)CCCC,5
CCCCCCCCCCCCCCCCCCNC(=O)C(CCCCCOC(=O)CCCCCCC\C=C/CCCCCCCC)NCCN(CCN)CCN,3
CCCCCCCCCCCCCCCCCC(=O)OCCCCCC(NCCCN1CCOCC1)C(=O)NCCCCCCCCCCCCCC,6
CCCCCCCCCCCCCCCCCCNC(=O)C(CCCCCOC(=O)CCCCCCC\C=C/C\C=C/CCCCC)NCCCN(C)CCCN,2
CCCCCCCCCCCCNC(=O)C(CCCCCOC(=O)CCCCCCC\C=C/CCCCCCCC)NC1CCN(C)CC1,2
CCCCCCCC\C=C/CCCCCCCCNC(=O)C(CCCCCOC(=O)CCCCCCCCC#C)NC1=CC(C)=NN1C,6
CCCCCCCCCCCCCCCCCC(=O)OCCCCCC(NCCN(C(C)C)C(C)C)C(=O)NCCCCCCCCCCCC,6
CCCCCCCC\C=C/CCCCCCCCNC(=O)C(CCCCCOC(=O)\C=C\CCCCCCC)NCCN(CCN)CCN,7
CCCCCCCCCCCCNC(=O)C(CCCCCOC(=O)\C=C\CCCCCCC)NCCCN(CC)CC,4
CCCCCCCCCCCCCCCCCCNC(=O)C(CCCCCOC(=O)CCCCCCCCC#C)NCCN1CCCC1,6
CCCCCCCCCCCCCCCC(=O)OCCCCCC(NCCCN(CC)CC)C(=O)NCCCCCCCCCCCCCC,4
CCCCCCCCCCCCCCNC(=O)C(CCCCCOC(=O)\C=C\CCCCCCC)NN1CCCCC1,5
CCCCCCCCCCCCCCCCCC(=O)OCCCCCC(NCCCN1CCCC1)C(=O)NCCCCCCCCCCCCCC,5
CCCCCCCCCCCCCCCCCCNC(=O)C(CCCCCOC(=O)CCCCCCCC)NCCN1CCCCC1,6
CCCCCCCCCCCCCCNC(=O)C(CCCCCOC(=O)CCCCCCCCC=C)NN1CCCCC1,5
CCCCCCCCCCCCCCCCCC(=O)OCCCCCC(NCCN1CCNCC1)C(=O)NCCCCCCCCCCCCCC,3
CCCCCCCCCCCCCCCC(=O)OCCCCCC(NCCN(C(C)C)C(C)C)C(=O)NCCCCCCCCCCCC,6
CCCCCCCCCCCCCCCCNC(=O)C(CCCCCOC(=O)CCCCCCCCC)NC1CCNCC1,3
CCCCCCCCCCCCCCCCCCNC(=O)C(CCCCCOC(=O)CCCCCCCCCC)NCCN(C(C)C)C(C)C,4
CCCCCCCCCCCCNC(=O)C(CCCCCOC(=O)CCCCCCC\C=C/C\C=C/CCCCC)NCCCN1CCOCC1,3
CCCCCCCC\C=C/CCCCCCCCNC(=O)C(CCCCCOC(=O)CCC(C)CCCCC)NCCN1CCCCC1,9
CCCCCCCCCCCCCCCCCCNC(=O)C(CCCCCOC(=O)CCCCCCCCCC)NCCCN(CC)CC,7
CCCCCCCCCCCCCCCCNC(=O)C(CCCCCOC(=O)CCCCCCCCC=C)NCCCN(C)CCCN,2
CCCCCCCCCCCCCCCCCC(=O)OCCCCCC(NN1CCOCC1)C(=O)NCCCCCCCCCCCCCC,6
CCCCCCCCCCCCCCNC(=O)C(CCCCCOC(=O)CCCCCCCC)NCC1CCCN1CC,2
CCCCCCCCCCCCNC(=O)C(CCCCCOC(=O)\C=C\CCCCCCC)NCCN(CCN)CCN,5
CCCCCCCCCCCCCCCCCCNC(=O)C(CCCCCOC(=O)CCCCCCCCC)NCCCN(CC)CC,5
CCCCCCCCCCCCCCCCNC(=O)C(CCCCCOC(=O)CCC(C)CCCCC)NN1CCCCC1,5
CCCCCCCCCCCCCCNC(=O)C(CCCCCOC(=O)CCCCCCCCCC)NCCN(CC)CC,5
CCCCCCCC\C=C/CCCCCCCCNC(=O)C(CCCCCOC(=O)CCCCCCCC)NC1=CC(C)=NN1C,5
CCCCCCCCCCCCNC(=O)C(CCCCCOC(=O)\C=C\CCCCCCC)NCCN(C(C)C)C(C)C,6
CCCCCCCCCCCCCCCCCCNC(=O)C(CCCCCOC(=O)CCCCCCCCC=C)NCCCN(C)CCCN,2
CCCCCCCC\C=C/CCCCCCCCNC(=O)C(CCCCCOC(=O)CCC(C)CCCCC)NCC1CCCN1CC,3
CCCCCCCC\C=C/CCCCCCCCNC(=O)C(CCCCCOC(=O)CCCCCCCC)NCCCN1CCOCC1,6
CCCCCCCCCCCCCCCCCCNC(=O)C(CCCCCOC(=O)CCCCCCC\C=C/CCCCCCCC)NC1CCNCC1,6
CCCCCCCCCCCCCCCCNC(=O)C(CCCCCOC(=O)\C=C\CCCCCCC)NCCCN(C)C,4
CCCCCCCCCCCCCCCC(=O)OCCCCCC(NCCCN(CC)CC)C(=O)NCCCCCCCCCCCC,4
CCCCCCCCCCCCCCCCNC(=O)C(CCCCCOC(=O)CCCCCCC\C=C/CCCCCCCC)NC1CCN(C)CC1,2
CCCCCCCCCCCCCCCCNC(=O)C(CCCCCOC(=O)CCCCCCCCC#C)NN1CCOCC1,4
CCCCCCCCCCCCCCCCNC(=O)C(CCCCCOC(=O)CCCCCCC\C=C/CCCCCCCC)NCCN(CCN)CCN,4
CCCCCCCCCCCCNC(=O)C(CCCCCOC(=O)CCCCCCCCC=C)NC1CCNCC1,3
CCCCCCCCCCCCCCCC(=O)OCCCCCC(NCCCN(C)C)C(=O)NCCCCCCCCCCCC,4
CCCCCCCC\C=C/CCCCCCCCNC(=O)C(CCCCCOC(=O)CCCCCCCC)NCCN(CC)CC,5
CCCCCCCCCCCCCCCCNC(=O)C(CCCCCOC(=O)\C=C\CCCCCCC)NCC1CCCN1CC,3
CCCCCCCCCCCCCCNC(=O)C(CCCCCOC(=O)CCCCCCC\C=C/CCCCCCCC)NN1CCOCC1,3
CCCCCCCCCCCCCCCCCCNC(=O)C(CCCCCOC(=O)CCCCCCCCC=C)NN1CCOCC1,5
CCCCCCCC\C=C/CCCCCCCCNC(=O)C(CCCCCOC(=O)CCCCCCC\C=C/CCCCCCCC)NCCCN(CCCC)CCCC,2
CCCCCCCC\C=C/CCCCCCCCNC(=O)C(CCCCCOC(=O)\C=C\CCCCCCC)NCCCN(CCCC)CCCC,7
CCCCCCCCCCCCCCCCNC(=O)C(CCCCCOC(=O)CCC(C)CCCCC)NCCN(C(C)C)C(C)C,6
CCCCCCCCCCCCCCNC(=O)C(CCCCCOC(=O)CCCCCCCC)NCCN1CCNCC1,3
CCCCCCCCCCCCCCCCNC(=O)C(CCCCCOC(=O)CCCCCCCCC)NN1CCOCC1,5
CCCCCCCCCCCCCCCCNC(=O)C(CCCCCOC(=O)CCCCCCC\C=C/CCCCCCCC)NCCCN1CCOCC1,3
CCCCCCCCCCCCCCCCCCNC(=O)C(CCCCCOC(=O)CCCCCCCCCC)NN1CCOCC1,4
CCCCCCCCCCCCCCCCCCNC(=O)C(CCCCCOC(=O)CCCCCCC\C=C/C\C=C/CCCCC)NN1CCCCC1,3
CCCCCCCC\C=C/CCCCCCCCNC(=O)C(CCCCCOC(=O)\C=C\CCCCCCC)NC1=CC(C)=NN1C,6
CCCCCCCCCCCCCCCCCC(=O)OCCCCCC(NC1CCN(C)CC1)C(=O)NCCCCCCCC\C=C/CCCCCCCC,5
CCCCCCCCCCCCNC(=O)C(CCCCCOC(=O)CCCCCCCCC#C)NC1CCN(C)CC1,5
CCCCCCCCCCCCCCCCCC(=O)OCCCCCC(NCCN1CCCC1)C(=O)NCCCCCCCC\C=C/CCCCCCCC,6
CCCCCCCCCCCCNC(=O)C(CCCCCOC(=O)CCC(C)CCCCC)NC1=CC(C)=NN1C,5
CCCCCCCCCCCCCCNC(=O)C(CCCCCOC(=O)CCCCCCC\C=C/CCCCCCCC)NCCN1CCNCC1,3
CCCCCCCCCCCCCCNC(=O)C(CCCCCOC(=O)CCCCCCCCC)NCCCN(C)C,6
CCCCCCCCCCCCCCCC(=O)OCCCCCC(NN1CCCCC1)C(=O)NCCCCCCCCCCCC,6
CCCCCCCCCCCCCCCCNC(=O)C(CCCCCOC(=O)CCCCCCCC)NCCN(CC)CC,3
CCCCCCCCCCCCCCCCCC(=O)OCCCCCC(NCCN(C(C)C)C(C)C)C(=O)NCCCCCCCCCCCCCCCC,5
CCCCCCCCCCCCCCNC(=O)C(CCCCCOC(=O)CCC(C)CCCCC)NCCCN(CCCC)CCCC,5
CCCCCCCCCCCCCCCCNC(=O)C(CCCCCOC(=O)\C=C\CCCCCCC)NCCCN(C)C,5
CCCCCCCCCCCCCCCC(=O)OCCCCCC(NCCN(CCN)CCN)C(=O)NCCCCCCCCCCCCCC,5
CCCCCCCCCCCCCCCCCCNC(=O)C(CCCCCOC(=O)CCCCCCCCCC)NCCN1CCNCC1,4
CCCCCCCCCCCCNC(=O)C(CCCCCOC(=O)CCCCCCCCC#C)NCCCN(C)C,4
CCCCCCCCCCCCCCCCCCNC(=O)C(CCCCCOC(=O)CCCCCCC\C=C/CCCCCCCC)NCC1CCCN1CC,2
CCCCCCCCCCCCCCCCNC(=O)C(CCCCCOC(=O)\C=C\CCCCCCC)NCCN(C(C)C)C(C)C,5
CCCCCCCCCCCCNC(=O)C(CCCCCOC(=O)\C=C\CCCCCCC)NCC1CCCN1CC,3
CCCCCCCCCCCCCCCCNC(=O)C(CCCCCOC(=O)CCCCCCCCC#C)NCCN(CCN)CCN,5
CCCCCCCCCC(=O)OCCCCCC(NCCN(CCN)CCN)C(=O)NCCCCCCCC\C=C/CCCCCCCC,7
CCCCCCCCCCCCCCCCNC(=O)C(CCCCCOC(=O)CCCCCCCCCCCCCCC)NC1=CNN=C1,5
CCCCCCCCCCCCCCCCCCNC(=O)C(CCCCCOC(=O)CCCCCCCCCC)NCCCN1CCCC1,7
CCCCCCCCCCCCCCCCCCNC(=O)C(CCCCCOC(=O)CCCCCCC\C=C/C\C=C/CCCCC)NCCN1CCCCC1,4
CCCCCCCCCCCCCCCCCCNC(=O)C(CCCCCOC(=O)CCCCCCCCC)NC1=CNN=C1,6
CCCCCCCCCCCCCCCCNC(=O)C(CCCCCOC(=O)CCCCCCCCC=C)NCCN(C)C,2
CCCCCCCCCCCCCCCCCCNC(=O)C(CCCCCOC(=O)CCCCCCCCC#C)NN1CCCCC1,4
CCCCCCCC\C=C/CCCCCCCCNC(=O)C(CCCCCOC(=O)CCCCCCCC)NCCN(C(C)C)C(C)C,6
CCCCCCCCCCCCCCNC(=O)C(CCCCCOC(=O)CCCCCCCCC=C)NCCCN(C)C,6
CCCCCCCC\C=C/CCCCCCCCNC(=O)C(CCCCCOC(=O)CCCCCCC\C=C/CCCCCCCC)NCCN(CCN)CCN,4
CCCCCCCCCCCCCCNC(=O)C(CCCCCOC(=O)CCCCCCCCC=C)NCCN(CC)CC,4
CCCCCCCCCCCCCCCC(=O)OCCCCCC(NCCN1CCCC1)C(=O)NCCCCCCCCCCCCCC,6
CCCCCCCC\C=C/CCCCCCCCNC(=O)C(CCCCCOC(=O)CCCCCCC\C=C/CCCCCCCC)NCCCN(CC)CC,5
CCCCCCCC\C=C/CCCCCCCCNC(=O)C(CCCCCOC(=O)\C=C\CCCCCCC)NCCN1CCNCC1,2
CCCCCCCCCCCCCCCCNC(=O)C(CCCCCOC(=O)\C=C\CCCCCCC)NCCCN1CCCC1,4
CCCCCCCCCCCCNC(=O)C(CCCCCOC(=O)CCCCCCCCC=C)NC1=CNN=C1,5
CCCCCCCCCCCCNC(=O)C(CCCCCOC(=O)\C=C\CCCCCCC)NN1CCCCC1,6
CCCCCCCCCCCCCCCCCCNC(=O)C(CCCCCOC(=O)CCCCCCC\C=C/CCCCCCCC)NC1=CNN=C1,7
CCCCCCCCCCCCCCCCNC(=O)C(CCCCCOC(=O)\C=C\CCCCCCC)NCCN(CC)CC,3
CCCCCCCCCCCCCCNC(=O)C(CCCCCOC(=O)CCCCCCCCC=C)NCC1CCCN1CC,3
CCCCCCCCCCCCCCCC(=O)OCCCCCC(NCCN(CCN)CCN)C(=O)NCCCCCCCC\C=C/CCCCCCCC,3
CCCCCCCCCCCCCCCCCCNC(=O)C(CCCCCOC(=O)CCC(C)CCCCC)NCCCN(C)CCCN,3
CCCCCCCCCCCCCCNC(=O)C(CCCCCOC(=O)CCCCCCCC)NC1=CC(C)=NN1C,6
CCCCCCCC\C=C/CCCCCCCCNC(=O)C(CCCCCOC(=O)CCCCCCCCC#C)NC1=CNN=C1,5
CCCCCCCCCCCCCCCCCC(=O)OCCCCCC(NCCCN(CCCC)CCCC)C(=O)NCCCCCCCCCCCC,9
CCCCCCCCCCCCCCCCNC(=O)C(CCCCCOC(=O)CCCCCCCCC)NC1=CC(C)=NN1C,6
CCCCCCCCCC(=O)OCCCCCC(NC1=CNN=C1)C(=O)NCCCCCCCC\C=C/CCCCCCCC,6
CCCCCCCCCCCCCCCCCC(=O)OCCCCCC(NC1CCN(C)CC1)C(=O)NCCCCCCCCCCCCCCCC,5
CCCCCCCCCCCCNC(=O)C(CCCCCOC(=O)CCCCCCC\C=C/CCCCCCCC)NCCN(C)C,5
CCCCCCCCCCCCNC(=O)C(CCCCCOC(=O)CCCCCCCCC=C)NCCN1CCCCC1,6
CCCCCCCCCCCCCCCCCCNC(=O)C(CCCCCOC(=O)CCCCCCCCC#C)NCCCN(CCCC)CCCC,4
CCCCCCCCCCCCCCNC(=O)C(CCCCCOC(=O)CCCCCCCCC#C)NCCN(CC)CC,4
CCCCCCCC\C=C/CCCCCCCCNC(=O)C(CCCCCOC(=O)CCCCCCC\C=C/C\C=C/CCCCC)NCCN(C)C,7
CCCCCCCCCCCCNC(=O)C(CCCCCOC(=O)CCCCCCCCC#C)NCCN(C(C)C)C(C)C,6
CCCCCCCCCCCCCCCCCCNC(=O)C(CCCCCOC(=O)CCCCCCCCCC)NCCCN(C)CCCN,3
CCCCCCCCCCCCCCCCNC(=O)C(CCCCCOC(=O)CCCCCCC\C=C/C\C=C/CCCCC)NCCN(CCN)CCN,4
